,0
0,Keine Liveangaben gefunden für /sedrun/ (2018-10-29_14-00)
1,Keine Liveangaben gefunden für /portes-du-soleil/ (2018-10-29_14-00)
2,Keine Liveangaben gefunden für /valdilliez-lescrosets-champoussin/ (2018-10-29_14-00)
3,Keine Liveangaben gefunden für /adelboden/ (2018-10-29_14-00)
4,Keine Liveangaben gefunden für /schoenried-saanenmoeser-zweisimmen-st-stephan/ (2018-10-29_14-00)
5,Keine Liveangaben gefunden für /meiringen-hasliberg/ (2018-10-29_14-00)
6,Keine Liveangaben gefunden für /andermatt-gemsstock-naetschen/ (2018-10-29_14-00)
7,Keine Liveangaben gefunden für /mythenregion/ (2018-10-29_14-00)
8,Keine Liveangaben gefunden für /fribourg-region/ (2018-10-29_14-00)
9,Keine Liveangaben gefunden für /les-paccots-chatel-saint-denis/ (2018-10-29_14-00)
10,Keine Liveangaben gefunden für /vallee-de-joux/ (2018-10-29_14-00)
